ID,Name,Age,Gender
101,Ravi Kumar,28,Male
102,Sneha Reddy,25,Female
103,Arjun Mehta,32,Male
104,Priya Nair,29,Female
105,Karan Sharma,45,Male
106,Anita Joseph,27,Female
107,Vikram Singh,42,Male
108,Meera Chawla,26,Female
109,Sachin Verma,34,Male
110,Divya Shah,30,Female
111,Amit Patel,47,Male
112,Lakshmi Menon,33,Female
113,Rohan Gupta,24,Male
114,Shilpa Rao,38,Female
115,Harsh Vardhan,52,Male
116,Pooja Kaur,27,Female
117,Manoj Pillai,36,Male
118,Tanya D'Souza,25,Female
119,Sandeep Reddy,43,Male
120,Nidhi Srivastava,31,Female